{"cameraMode":{"drawMode":0,"name":"Shaded","section":"Shading Mode"},"sceneLighting":false,"audioPlay":false,"sceneViewState":{"m_AlwaysRefresh":false,"showFog":true,"showSkybox":false,"showFlares":true,"showImageEffects":true,"showParticleSystems":true,"showVisualEffectGraphs":true,"m_FxEnabled":true},"in2DMode":false,"pivot":{"x":25.048980712890626,"y":0.7765530347824097,"z":3.1802542209625246},"rotation":{"x":-0.06593399494886399,"y":-0.03869037330150604,"z":0.0025349303614348175,"w":-0.9973655343055725},"size":0.43829840421676638,"orthographic":false}